[
{
    "model": "contenttypes.contenttype",
    "pk": 1,
    "fields": {
        "app_label": "admin",
        "model": "logentry"
    }
},
{
    "model": "contenttypes.contenttype",
    "pk": 2,
    "fields": {
        "app_label": "auth",
        "model": "permission"
    }
},
{
    "model": "contenttypes.contenttype",
    "pk": 3,
    "fields": {
        "app_label": "auth",
        "model": "group"
    }
},
{
    "model": "contenttypes.contenttype",
    "pk": 4,
    "fields": {
        "app_label": "auth",
        "model": "user"
    }
},
{
    "model": "contenttypes.contenttype",
    "pk": 5,
    "fields": {
        "app_label": "contenttypes",
        "model": "contenttype"
    }
},
{
    "model": "contenttypes.contenttype",
    "pk": 6,
    "fields": {
        "app_label": "sessions",
        "model": "session"
    }
},
{
    "model": "contenttypes.contenttype",
    "pk": 7,
    "fields": {
        "app_label": "students",
        "model": "student"
    }
},
{
    "model": "contenttypes.contenttype",
    "pk": 8,
    "fields": {
        "app_label": "students",
        "model": "group"
    }
},
{
    "model": "contenttypes.contenttype",
    "pk": 9,
    "fields": {
        "app_label": "students",
        "model": "predmet"
    }
},
{
    "model": "contenttypes.contenttype",
    "pk": 10,
    "fields": {
        "app_label": "students",
        "model": "prepad"
    }
},
{
    "model": "contenttypes.contenttype",
    "pk": 11,
    "fields": {
        "app_label": "students",
        "model": "ekzamen"
    }
},
{
    "model": "sessions.session",
    "pk": "4areouu952nj6er2pds5ix2jl1s3y2gy",
    "fields": {
        "session_data": "ZDlmNDljMzhkYjkzYzA0NDNlMjIxZGM5ZGUyNzcyZTRlMzliZTg0ZTp7Il9hdXRoX3VzZXJfaGFzaCI6ImFiYzJiMDNhYzZhNWEyYTAwOWQ0OTJkYWJmMzM0NmJiMzE0NWFmMTIiLCJfYXV0aF91c2VyX2JhY2tlbmQiOiJkamFuZ28uY29udHJpYi5hdXRoLmJhY2tlbmRzLk1vZGVsQmFja2VuZCIsIl9hdXRoX3VzZXJfaWQiOiIyIn0=",
        "expire_date": "2016-02-09T13:20:30.406Z"
    }
},
{
    "model": "sessions.session",
    "pk": "4j9invtfawrdtuulwteq25xnls6stdbs",
    "fields": {
        "session_data": "M2IyZTI3OWJmOWMyNzEzZTU2ZTY2NWZmNDM1ZTg3ZWU4ZjJhMzcwYzp7Il9hdXRoX3VzZXJfaGFzaCI6Ijg1MTIxMjI2NTkxMTQ5YzU3NWM0MTFmN2FmNmZjZDM1NDZkZmRkYTkiLCJfYXV0aF91c2VyX2JhY2tlbmQiOiJkamFuZ28uY29udHJpYi5hdXRoLmJhY2tlbmRzLk1vZGVsQmFja2VuZCIsIl9hdXRoX3VzZXJfaWQiOiIxIn0=",
        "expire_date": "2016-02-29T23:11:13.494Z"
    }
},
{
    "model": "sessions.session",
    "pk": "i5a2v051jp1g9ruf4kyhxq9962azntvf",
    "fields": {
        "session_data": "M2IyZTI3OWJmOWMyNzEzZTU2ZTY2NWZmNDM1ZTg3ZWU4ZjJhMzcwYzp7Il9hdXRoX3VzZXJfaGFzaCI6Ijg1MTIxMjI2NTkxMTQ5YzU3NWM0MTFmN2FmNmZjZDM1NDZkZmRkYTkiLCJfYXV0aF91c2VyX2JhY2tlbmQiOiJkamFuZ28uY29udHJpYi5hdXRoLmJhY2tlbmRzLk1vZGVsQmFja2VuZCIsIl9hdXRoX3VzZXJfaWQiOiIxIn0=",
        "expire_date": "2016-02-21T18:05:36.154Z"
    }
},
{
    "model": "sessions.session",
    "pk": "ico8w3jya4cnqs2ohv6yovnq6oneunle",
    "fields": {
        "session_data": "M2IyZTI3OWJmOWMyNzEzZTU2ZTY2NWZmNDM1ZTg3ZWU4ZjJhMzcwYzp7Il9hdXRoX3VzZXJfaGFzaCI6Ijg1MTIxMjI2NTkxMTQ5YzU3NWM0MTFmN2FmNmZjZDM1NDZkZmRkYTkiLCJfYXV0aF91c2VyX2JhY2tlbmQiOiJkamFuZ28uY29udHJpYi5hdXRoLmJhY2tlbmRzLk1vZGVsQmFja2VuZCIsIl9hdXRoX3VzZXJfaWQiOiIxIn0=",
        "expire_date": "2016-02-29T22:13:18.692Z"
    }
},
{
    "model": "sessions.session",
    "pk": "yecguvi5iq836ji2diy21ohgz1j2y00p",
    "fields": {
        "session_data": "M2IyZTI3OWJmOWMyNzEzZTU2ZTY2NWZmNDM1ZTg3ZWU4ZjJhMzcwYzp7Il9hdXRoX3VzZXJfaGFzaCI6Ijg1MTIxMjI2NTkxMTQ5YzU3NWM0MTFmN2FmNmZjZDM1NDZkZmRkYTkiLCJfYXV0aF91c2VyX2JhY2tlbmQiOiJkamFuZ28uY29udHJpYi5hdXRoLmJhY2tlbmRzLk1vZGVsQmFja2VuZCIsIl9hdXRoX3VzZXJfaWQiOiIxIn0=",
        "expire_date": "2016-02-15T05:48:57.123Z"
    }
},
{
    "model": "students.group",
    "pk": 1,
    "fields": {
        "title": "\u041c\u0422\u041c",
        "leader": 1,
        "notes": ""
    }
},
{
    "model": "students.group",
    "pk": 2,
    "fields": {
        "title": "\u041c\u0422\u041c1",
        "leader": 3,
        "notes": ""
    }
},
{
    "model": "students.group",
    "pk": 3,
    "fields": {
        "title": "\u0421\u0422\u0410",
        "leader": 4,
        "notes": ""
    }
},
{
    "model": "students.group",
    "pk": 4,
    "fields": {
        "title": "\u0410\u041f\u0410",
        "leader": 5,
        "notes": ""
    }
},
{
    "model": "students.group",
    "pk": 5,
    "fields": {
        "title": "\u041a\u0418\u041f\u0410",
        "leader": 7,
        "notes": ""
    }
},
{
    "model": "students.student",
    "pk": 1,
    "fields": {
        "first_name": "\u041e\u043b\u0435\u0433",
        "last_name": "\u041f\u043e\u0434\u043e\u0431\u0430",
        "middle_name": "",
        "birthday": "2016-02-07",
        "photo": "./6.jpg",
        "ticket": "234",
        "notes": "",
        "student_group": 1
    }
},
{
    "model": "students.student",
    "pk": 3,
    "fields": {
        "first_name": "\u0421\u0435\u0440\u0433\u0435\u0439",
        "last_name": "\u0421\u043e\u0442\u0430\u043f\u0435\u043d\u043a\u043e",
        "middle_name": "\u0412\u0438\u043a\u0442\u043e\u0440\u043e\u0432\u0438\u0447",
        "birthday": "2016-02-10",
        "photo": "./5.jpg",
        "ticket": "213",
        "notes": "\u043d\u0435\u0442",
        "student_group": 2
    }
},
{
    "model": "students.student",
    "pk": 4,
    "fields": {
        "first_name": "\u0412\u043e\u0432\u0430\u043d",
        "last_name": "\u0421\u0442\u0430\u043b\u043a",
        "middle_name": "\u0412\u0430\u043b\u0435\u043d\u0442\u0438\u043d\u043e\u0432\u0438\u0447",
        "birthday": "2015-11-17",
        "photo": "",
        "ticket": "561",
        "notes": "",
        "student_group": 4
    }
},
{
    "model": "students.student",
    "pk": 5,
    "fields": {
        "first_name": "\u0410\u043d\u0430\u0442\u043e\u043b\u0438\u0439",
        "last_name": "\u0414\u0438\u043c\u0438\u0434\u043e\u0432",
        "middle_name": "",
        "birthday": "2016-02-18",
        "photo": "./4.jpg",
        "ticket": "951",
        "notes": "",
        "student_group": 2
    }
},
{
    "model": "students.student",
    "pk": 6,
    "fields": {
        "first_name": "\u0412\u043e\u0432\u0430\u043d2",
        "last_name": "\u0421\u043e\u0442\u0430\u043f\u0435\u043d\u043a\u043e2",
        "middle_name": "",
        "birthday": "2016-02-10",
        "photo": "",
        "ticket": "564",
        "notes": "",
        "student_group": 1
    }
},
{
    "model": "students.student",
    "pk": 7,
    "fields": {
        "first_name": "\u0410\u043d\u0430\u0442\u043e\u043b\u0438\u04392",
        "last_name": "\u0414\u0438\u043c\u0438\u0434\u043e\u04322",
        "middle_name": "",
        "birthday": "2016-02-13",
        "photo": "",
        "ticket": "458",
        "notes": "",
        "student_group": 3
    }
},
{
    "model": "students.student",
    "pk": 8,
    "fields": {
        "first_name": "\u041e\u043b\u0435\u04332",
        "last_name": "\u041f\u043e\u0434\u043e\u0431\u04302",
        "middle_name": "",
        "birthday": "2016-02-05",
        "photo": "",
        "ticket": "753",
        "notes": "",
        "student_group": 2
    }
},
{
    "model": "students.student",
    "pk": 9,
    "fields": {
        "first_name": "\u0421\u0435\u0440\u0433\u0435\u04393",
        "last_name": "\u0421\u0442\u0430\u043b\u043a3",
        "middle_name": "",
        "birthday": "2016-02-10",
        "photo": "",
        "ticket": "159",
        "notes": "",
        "student_group": 1
    }
},
{
    "model": "students.student",
    "pk": 10,
    "fields": {
        "first_name": "\u0412\u0438\u043a\u0435\u043d\u0442\u0438\u0439",
        "last_name": "\u0425\u0443\u0434\u043e\u0432\u0435\u043a\u043e\u0432",
        "middle_name": "\u041a\u0430\u0440\u043b\u043e\u0432\u0438\u0447",
        "birthday": "2016-02-16",
        "photo": "",
        "ticket": "456",
        "notes": "",
        "student_group": 5
    }
},
{
    "model": "students.student",
    "pk": 11,
    "fields": {
        "first_name": "\u0412\u0430\u0434\u0438\u043c",
        "last_name": "\u041a\u0430\u0440\u0435\u0432",
        "middle_name": "\u0410\u043f\u043e\u043b\u043b\u0438\u043d\u0430\u0440\u0438\u0435\u0432\u0438\u0447",
        "birthday": "2016-02-16",
        "photo": "",
        "ticket": "485",
        "notes": "",
        "student_group": 4
    }
},
{
    "model": "students.student",
    "pk": 12,
    "fields": {
        "first_name": "\u0415\u0432\u0433\u0435\u043d\u0438\u044f",
        "last_name": "\u042f\u043d\u0438\u0448\u0438\u043d\u0430",
        "middle_name": "",
        "birthday": "2016-02-16",
        "photo": "",
        "ticket": "685",
        "notes": "",
        "student_group": 4
    }
},
{
    "model": "students.student",
    "pk": 13,
    "fields": {
        "first_name": "\u0415\u0432\u0434\u043e\u043a\u0438\u043c",
        "last_name": "\u0412\u0438\u0445\u0440\u043e\u0432",
        "middle_name": "",
        "birthday": "2016-02-16",
        "photo": "",
        "ticket": "658",
        "notes": "",
        "student_group": 5
    }
},
{
    "model": "students.student",
    "pk": 14,
    "fields": {
        "first_name": "\u041c\u0430\u0440\u0438\u043d\u0430",
        "last_name": "\u041a\u043e\u043d\u0430\u043a\u043e\u0432\u0430",
        "middle_name": "",
        "birthday": "2016-02-16",
        "photo": "",
        "ticket": "851",
        "notes": "",
        "student_group": 2
    }
},
{
    "model": "students.student",
    "pk": 15,
    "fields": {
        "first_name": "\u041d\u0435\u0441\u0442\u043e\u0440",
        "last_name": "\u042f\u043c\u0430\u043b\u0442\u0434\u0438\u043d\u043e\u0432",
        "middle_name": "",
        "birthday": "2016-02-16",
        "photo": "",
        "ticket": "457",
        "notes": "",
        "student_group": 2
    }
},
{
    "model": "students.student",
    "pk": 16,
    "fields": {
        "first_name": "\u0418\u0432\u0430\u043d",
        "last_name": "\u0421\u0443\u0441\u043d\u0438\u043d",
        "middle_name": "",
        "birthday": "2016-02-16",
        "photo": "",
        "ticket": "635",
        "notes": "",
        "student_group": 1
    }
},
{
    "model": "students.student",
    "pk": 17,
    "fields": {
        "first_name": "\u041d\u0438\u043a\u043e\u043b\u0430\u0439",
        "last_name": "\u0414\u0435\u043c\u0435\u043d\u0442\u044c\u0435\u0432",
        "middle_name": "",
        "birthday": "2016-02-16",
        "photo": "",
        "ticket": "958",
        "notes": "",
        "student_group": 2
    }
},
{
    "model": "students.student",
    "pk": 18,
    "fields": {
        "first_name": "\u0412\u0438\u043a\u0442\u043e\u0440\u0438\u044f",
        "last_name": "\u041a\u0430\u043f\u0448\u0443\u043a\u043e\u0432\u0430",
        "middle_name": "",
        "birthday": "2016-02-16",
        "photo": "",
        "ticket": "145",
        "notes": "",
        "student_group": 4
    }
},
{
    "model": "students.ekzamen",
    "pk": 3,
    "fields": {
        "predmet_name": 1,
        "prepad_name": 1,
        "birthday": "2016-02-16",
        "student_group": 1
    }
},
{
    "model": "students.ekzamen",
    "pk": 4,
    "fields": {
        "predmet_name": 2,
        "prepad_name": 4,
        "birthday": "2016-02-02",
        "student_group": 1
    }
},
{
    "model": "students.ekzamen",
    "pk": 5,
    "fields": {
        "predmet_name": 7,
        "prepad_name": 7,
        "birthday": "2016-02-03",
        "student_group": 1
    }
},
{
    "model": "students.ekzamen",
    "pk": 6,
    "fields": {
        "predmet_name": 3,
        "prepad_name": 10,
        "birthday": "2016-02-01",
        "student_group": 2
    }
},
{
    "model": "students.ekzamen",
    "pk": 7,
    "fields": {
        "predmet_name": 6,
        "prepad_name": 8,
        "birthday": "2016-02-02",
        "student_group": 2
    }
},
{
    "model": "students.ekzamen",
    "pk": 8,
    "fields": {
        "predmet_name": 1,
        "prepad_name": 1,
        "birthday": "2016-02-03",
        "student_group": 1
    }
},
{
    "model": "students.ekzamen",
    "pk": 9,
    "fields": {
        "predmet_name": 3,
        "prepad_name": 2,
        "birthday": "2016-02-01",
        "student_group": 3
    }
},
{
    "model": "students.ekzamen",
    "pk": 10,
    "fields": {
        "predmet_name": 5,
        "prepad_name": 9,
        "birthday": "2016-02-02",
        "student_group": 3
    }
},
{
    "model": "students.ekzamen",
    "pk": 11,
    "fields": {
        "predmet_name": 10,
        "prepad_name": 10,
        "birthday": "2016-02-03",
        "student_group": 3
    }
},
{
    "model": "students.ekzamen",
    "pk": 12,
    "fields": {
        "predmet_name": 8,
        "prepad_name": 1,
        "birthday": "2016-02-01",
        "student_group": 4
    }
},
{
    "model": "students.ekzamen",
    "pk": 13,
    "fields": {
        "predmet_name": 2,
        "prepad_name": 5,
        "birthday": "2016-02-02",
        "student_group": 4
    }
},
{
    "model": "students.ekzamen",
    "pk": 14,
    "fields": {
        "predmet_name": 6,
        "prepad_name": 2,
        "birthday": "2016-02-03",
        "student_group": 4
    }
},
{
    "model": "students.ekzamen",
    "pk": 15,
    "fields": {
        "predmet_name": 5,
        "prepad_name": 7,
        "birthday": "2016-02-01",
        "student_group": 5
    }
},
{
    "model": "students.ekzamen",
    "pk": 16,
    "fields": {
        "predmet_name": 7,
        "prepad_name": 2,
        "birthday": "2016-02-02",
        "student_group": 5
    }
},
{
    "model": "students.ekzamen",
    "pk": 17,
    "fields": {
        "predmet_name": 10,
        "prepad_name": 8,
        "birthday": "2016-02-03",
        "student_group": 5
    }
},
{
    "model": "students.predmet",
    "pk": 1,
    "fields": {
        "predmet_name": "\u0438\u0441\u0442\u043e\u0440\u0438\u044f"
    }
},
{
    "model": "students.predmet",
    "pk": 2,
    "fields": {
        "predmet_name": "\u0445\u0438\u043c\u0438\u044f"
    }
},
{
    "model": "students.predmet",
    "pk": 3,
    "fields": {
        "predmet_name": "\u043c\u0430\u0442\u0435\u043c\u0430\u0442\u0438\u043a\u0430"
    }
},
{
    "model": "students.predmet",
    "pk": 4,
    "fields": {
        "predmet_name": "\u0430\u043b\u0433\u0435\u0431\u0440\u0430"
    }
},
{
    "model": "students.predmet",
    "pk": 5,
    "fields": {
        "predmet_name": "\u0444\u0438\u0437\u0438\u043a\u0430"
    }
},
{
    "model": "students.predmet",
    "pk": 6,
    "fields": {
        "predmet_name": "\u0447\u0435\u0440\u0447\u0435\u043d\u0438\u0435"
    }
},
{
    "model": "students.predmet",
    "pk": 7,
    "fields": {
        "predmet_name": "\u0430\u043b\u0445\u0438\u043c\u0438\u044f"
    }
},
{
    "model": "students.predmet",
    "pk": 8,
    "fields": {
        "predmet_name": "\u043b\u0438\u0442\u0435\u0440\u0430\u0442\u0443\u0440\u0430"
    }
},
{
    "model": "students.predmet",
    "pk": 9,
    "fields": {
        "predmet_name": "\u0430\u0441\u0442\u0440\u0430\u043d\u043e\u043c\u0438\u044f"
    }
},
{
    "model": "students.predmet",
    "pk": 10,
    "fields": {
        "predmet_name": "\u043f\u043e\u043b\u0438\u0442\u043f\u043e\u0434\u0433\u043e\u0442\u043e\u0432\u043a\u0430"
    }
},
{
    "model": "students.prepad",
    "pk": 1,
    "fields": {
        "first_name": "\u0425\u0430\u0440\u0438\u0442\u043e\u043d",
        "last_name": "\u0413\u0440\u0438\u0448\u043a\u043e"
    }
},
{
    "model": "students.prepad",
    "pk": 2,
    "fields": {
        "first_name": "\u0414\u043c\u0438\u0442\u0440\u0438\u0439",
        "last_name": "\u042f\u043d\u0434\u0443\u043a\u0438\u043d"
    }
},
{
    "model": "students.prepad",
    "pk": 3,
    "fields": {
        "first_name": "\u041c\u0430\u043a\u0430\u0440",
        "last_name": "\u041a\u0430\u0440\u0442\u0430\u0432\u044b\u0439"
    }
},
{
    "model": "students.prepad",
    "pk": 4,
    "fields": {
        "first_name": "\u0414\u0430\u0440\u044c\u044f",
        "last_name": "\u042f\u043a\u0443\u0448\u043a\u0438\u043d\u0430"
    }
},
{
    "model": "students.prepad",
    "pk": 5,
    "fields": {
        "first_name": "\u0422\u0430\u0440\u0430\u0441",
        "last_name": "\u041a\u0443\u0437\u0438\u043a"
    }
},
{
    "model": "students.prepad",
    "pk": 6,
    "fields": {
        "first_name": "\u0412\u0430\u0434\u0438\u043c",
        "last_name": "\u0413\u043e\u043b\u044b\u0448\u0435\u0432"
    }
},
{
    "model": "students.prepad",
    "pk": 7,
    "fields": {
        "first_name": "\u042f\u0440\u043e\u0441\u043b\u0430\u0432",
        "last_name": "\u0418\u0437\u044e\u043c\u043e\u0432"
    }
},
{
    "model": "students.prepad",
    "pk": 8,
    "fields": {
        "first_name": "\u0424\u043e\u043a\u0430",
        "last_name": "\u041a\u0438\u044f\u043a"
    }
},
{
    "model": "students.prepad",
    "pk": 9,
    "fields": {
        "first_name": "\u042d\u043c\u043c\u0430\u043d\u0443\u0438\u043b",
        "last_name": "\u0428\u0443\u043b\u0435\u043f\u0438\u043d"
    }
},
{
    "model": "students.prepad",
    "pk": 10,
    "fields": {
        "first_name": "\u041d\u0430\u0443\u043c",
        "last_name": "\u041a\u0430\u0434\u0446\u044b\u043d"
    }
},
{
    "model": "auth.permission",
    "pk": 1,
    "fields": {
        "name": "Can add log entry",
        "content_type": 1,
        "codename": "add_logentry"
    }
},
{
    "model": "auth.permission",
    "pk": 2,
    "fields": {
        "name": "Can change log entry",
        "content_type": 1,
        "codename": "change_logentry"
    }
},
{
    "model": "auth.permission",
    "pk": 3,
    "fields": {
        "name": "Can delete log entry",
        "content_type": 1,
        "codename": "delete_logentry"
    }
},
{
    "model": "auth.permission",
    "pk": 4,
    "fields": {
        "name": "Can add permission",
        "content_type": 2,
        "codename": "add_permission"
    }
},
{
    "model": "auth.permission",
    "pk": 5,
    "fields": {
        "name": "Can change permission",
        "content_type": 2,
        "codename": "change_permission"
    }
},
{
    "model": "auth.permission",
    "pk": 6,
    "fields": {
        "name": "Can delete permission",
        "content_type": 2,
        "codename": "delete_permission"
    }
},
{
    "model": "auth.permission",
    "pk": 7,
    "fields": {
        "name": "Can add group",
        "content_type": 3,
        "codename": "add_group"
    }
},
{
    "model": "auth.permission",
    "pk": 8,
    "fields": {
        "name": "Can change group",
        "content_type": 3,
        "codename": "change_group"
    }
},
{
    "model": "auth.permission",
    "pk": 9,
    "fields": {
        "name": "Can delete group",
        "content_type": 3,
        "codename": "delete_group"
    }
},
{
    "model": "auth.permission",
    "pk": 10,
    "fields": {
        "name": "Can add user",
        "content_type": 4,
        "codename": "add_user"
    }
},
{
    "model": "auth.permission",
    "pk": 11,
    "fields": {
        "name": "Can change user",
        "content_type": 4,
        "codename": "change_user"
    }
},
{
    "model": "auth.permission",
    "pk": 12,
    "fields": {
        "name": "Can delete user",
        "content_type": 4,
        "codename": "delete_user"
    }
},
{
    "model": "auth.permission",
    "pk": 13,
    "fields": {
        "name": "Can add content type",
        "content_type": 5,
        "codename": "add_contenttype"
    }
},
{
    "model": "auth.permission",
    "pk": 14,
    "fields": {
        "name": "Can change content type",
        "content_type": 5,
        "codename": "change_contenttype"
    }
},
{
    "model": "auth.permission",
    "pk": 15,
    "fields": {
        "name": "Can delete content type",
        "content_type": 5,
        "codename": "delete_contenttype"
    }
},
{
    "model": "auth.permission",
    "pk": 16,
    "fields": {
        "name": "Can add session",
        "content_type": 6,
        "codename": "add_session"
    }
},
{
    "model": "auth.permission",
    "pk": 17,
    "fields": {
        "name": "Can change session",
        "content_type": 6,
        "codename": "change_session"
    }
},
{
    "model": "auth.permission",
    "pk": 18,
    "fields": {
        "name": "Can delete session",
        "content_type": 6,
        "codename": "delete_session"
    }
},
{
    "model": "auth.permission",
    "pk": 19,
    "fields": {
        "name": "Can add student",
        "content_type": 7,
        "codename": "add_student"
    }
},
{
    "model": "auth.permission",
    "pk": 20,
    "fields": {
        "name": "Can change student",
        "content_type": 7,
        "codename": "change_student"
    }
},
{
    "model": "auth.permission",
    "pk": 21,
    "fields": {
        "name": "Can delete student",
        "content_type": 7,
        "codename": "delete_student"
    }
},
{
    "model": "auth.permission",
    "pk": 22,
    "fields": {
        "name": "Can add \u0413\u0440\u0443\u043f\u0430",
        "content_type": 8,
        "codename": "add_group"
    }
},
{
    "model": "auth.permission",
    "pk": 23,
    "fields": {
        "name": "Can change \u0413\u0440\u0443\u043f\u0430",
        "content_type": 8,
        "codename": "change_group"
    }
},
{
    "model": "auth.permission",
    "pk": 24,
    "fields": {
        "name": "Can delete \u0413\u0440\u0443\u043f\u0430",
        "content_type": 8,
        "codename": "delete_group"
    }
},
{
    "model": "auth.permission",
    "pk": 25,
    "fields": {
        "name": "Can add \u041f\u0440\u0435\u0434\u043c\u0435\u0442",
        "content_type": 9,
        "codename": "add_predmet"
    }
},
{
    "model": "auth.permission",
    "pk": 26,
    "fields": {
        "name": "Can change \u041f\u0440\u0435\u0434\u043c\u0435\u0442",
        "content_type": 9,
        "codename": "change_predmet"
    }
},
{
    "model": "auth.permission",
    "pk": 27,
    "fields": {
        "name": "Can delete \u041f\u0440\u0435\u0434\u043c\u0435\u0442",
        "content_type": 9,
        "codename": "delete_predmet"
    }
},
{
    "model": "auth.permission",
    "pk": 28,
    "fields": {
        "name": "Can add \u041f\u0440\u0435\u043f\u043e\u0434\u043e\u0432\u0430\u0442\u0435\u043b\u044c",
        "content_type": 10,
        "codename": "add_prepad"
    }
},
{
    "model": "auth.permission",
    "pk": 29,
    "fields": {
        "name": "Can change \u041f\u0440\u0435\u043f\u043e\u0434\u043e\u0432\u0430\u0442\u0435\u043b\u044c",
        "content_type": 10,
        "codename": "change_prepad"
    }
},
{
    "model": "auth.permission",
    "pk": 30,
    "fields": {
        "name": "Can delete \u041f\u0440\u0435\u043f\u043e\u0434\u043e\u0432\u0430\u0442\u0435\u043b\u044c",
        "content_type": 10,
        "codename": "delete_prepad"
    }
},
{
    "model": "auth.permission",
    "pk": 31,
    "fields": {
        "name": "Can add \u042d\u043a\u0437\u0430\u043c\u0435\u043d",
        "content_type": 11,
        "codename": "add_ekzamen"
    }
},
{
    "model": "auth.permission",
    "pk": 32,
    "fields": {
        "name": "Can change \u042d\u043a\u0437\u0430\u043c\u0435\u043d",
        "content_type": 11,
        "codename": "change_ekzamen"
    }
},
{
    "model": "auth.permission",
    "pk": 33,
    "fields": {
        "name": "Can delete \u042d\u043a\u0437\u0430\u043c\u0435\u043d",
        "content_type": 11,
        "codename": "delete_ekzamen"
    }
},
{
    "model": "auth.user",
    "pk": 1,
    "fields": {
        "password": "pbkdf2_sha256$24000$gjiyDh9enaz1$sdQhSU6yX3IdzEPFVnnO0Ms+lggCMSRRnzTs5Q0Bvjg=",
        "last_login": "2016-02-15T23:11:13.487Z",
        "is_superuser": true,
        "username": "igor",
        "first_name": "",
        "last_name": "",
        "email": "igor_yalta@rambler.ru",
        "is_staff": true,
        "is_active": true,
        "date_joined": "2016-01-26T13:14:21.493Z",
        "groups": [],
        "user_permissions": []
    }
},
{
    "model": "auth.user",
    "pk": 2,
    "fields": {
        "password": "pbkdf2_sha256$24000$8MGUzV1xVJQk$UIi4QRiI/8jC0ZVCZ1I6nRy3V4yebaiHKZN3HBTNknc=",
        "last_login": "2016-01-26T13:20:30.394Z",
        "is_superuser": true,
        "username": "admin",
        "first_name": "",
        "last_name": "",
        "email": "admin@admin.com",
        "is_staff": true,
        "is_active": true,
        "date_joined": "2016-01-26T13:16:36.890Z",
        "groups": [],
        "user_permissions": []
    }
},
{
    "model": "admin.logentry",
    "pk": 1,
    "fields": {
        "action_time": "2016-02-07T21:42:29.835Z",
        "user": 1,
        "content_type": 7,
        "object_id": "3",
        "object_repr": "\u0441\u0435\u0440\u0433\u0435\u0439 \u041f\u043e\u0442\u0430\u043f\u0435\u043d\u043a\u043e",
        "action_flag": 1,
        "change_message": "Added."
    }
},
{
    "model": "admin.logentry",
    "pk": 2,
    "fields": {
        "action_time": "2016-02-07T21:44:12.917Z",
        "user": 1,
        "content_type": 7,
        "object_id": "4",
        "object_repr": "\u0432\u043e\u0432\u0430\u043d \u0441\u0442\u0430\u043b\u043a",
        "action_flag": 1,
        "change_message": "Added."
    }
},
{
    "model": "admin.logentry",
    "pk": 3,
    "fields": {
        "action_time": "2016-02-07T21:44:25.645Z",
        "user": 1,
        "content_type": 7,
        "object_id": "4",
        "object_repr": "\u0432\u043e\u0432\u0430\u043d \u0441\u0442\u0430\u043b\u043a",
        "action_flag": 2,
        "change_message": "No fields changed."
    }
},
{
    "model": "admin.logentry",
    "pk": 4,
    "fields": {
        "action_time": "2016-02-07T22:31:47.112Z",
        "user": 1,
        "content_type": 7,
        "object_id": "1",
        "object_repr": "Oleg Podoba",
        "action_flag": 2,
        "change_message": "\u0418\u0437\u043c\u0435\u043d\u0435\u043d photo."
    }
},
{
    "model": "admin.logentry",
    "pk": 5,
    "fields": {
        "action_time": "2016-02-07T23:41:45.323Z",
        "user": 1,
        "content_type": 7,
        "object_id": "4",
        "object_repr": "\u0432\u043e\u0432\u0430\u043d \u0441\u0442\u0430\u043b\u043a",
        "action_flag": 2,
        "change_message": "\u0418\u0437\u043c\u0435\u043d\u0435\u043d photo."
    }
},
{
    "model": "admin.logentry",
    "pk": 6,
    "fields": {
        "action_time": "2016-02-08T13:09:46.449Z",
        "user": 1,
        "content_type": 7,
        "object_id": "4",
        "object_repr": "\u0432\u043e\u0432\u0430\u043d \u0441\u0442\u0430\u043b\u043a",
        "action_flag": 2,
        "change_message": "\u0418\u0437\u043c\u0435\u043d\u0435\u043d photo."
    }
},
{
    "model": "admin.logentry",
    "pk": 7,
    "fields": {
        "action_time": "2016-02-09T19:48:52.445Z",
        "user": 1,
        "content_type": 7,
        "object_id": "1",
        "object_repr": "\u041e\u043b\u0435\u0433 \u041f\u043e\u0434\u043e\u0431\u0430",
        "action_flag": 2,
        "change_message": "\u0418\u0437\u043c\u0435\u043d\u0435\u043d first_name \u0438 last_name."
    }
},
{
    "model": "admin.logentry",
    "pk": 8,
    "fields": {
        "action_time": "2016-02-09T19:49:18.672Z",
        "user": 1,
        "content_type": 7,
        "object_id": "3",
        "object_repr": "\u0441\u0435\u0440\u0433\u0435\u0439 \u0421\u043e\u0442\u0430\u043f\u0435\u043d\u043a\u043e",
        "action_flag": 2,
        "change_message": "\u0418\u0437\u043c\u0435\u043d\u0435\u043d last_name."
    }
},
{
    "model": "admin.logentry",
    "pk": 9,
    "fields": {
        "action_time": "2016-02-09T19:53:20.087Z",
        "user": 1,
        "content_type": 7,
        "object_id": "5",
        "object_repr": "\u0430\u043d\u0430\u0442\u043e\u043b\u0438\u0439 \u0434\u0438\u043c\u0438\u0434\u043e\u0432",
        "action_flag": 1,
        "change_message": "\u0414\u043e\u0431\u0430\u0432\u043b\u0435\u043d\u043e."
    }
},
{
    "model": "admin.logentry",
    "pk": 10,
    "fields": {
        "action_time": "2016-02-10T14:43:39.441Z",
        "user": 1,
        "content_type": 7,
        "object_id": "5",
        "object_repr": "\u0410\u043d\u0430\u0442\u043e\u043b\u0438\u0439 \u0414\u0438\u043c\u0438\u0434\u043e\u0432",
        "action_flag": 2,
        "change_message": "\u0418\u0437\u043c\u0435\u043d\u0435\u043d first_name \u0438 last_name."
    }
},
{
    "model": "admin.logentry",
    "pk": 11,
    "fields": {
        "action_time": "2016-02-10T14:44:31.576Z",
        "user": 1,
        "content_type": 7,
        "object_id": "4",
        "object_repr": "\u0412\u043e\u0432\u0430\u043d \u0421\u0442\u0430\u043b\u043a",
        "action_flag": 2,
        "change_message": "\u0418\u0437\u043c\u0435\u043d\u0435\u043d first_name, last_name \u0438 middle_name."
    }
},
{
    "model": "admin.logentry",
    "pk": 12,
    "fields": {
        "action_time": "2016-02-10T23:18:55.836Z",
        "user": 1,
        "content_type": 7,
        "object_id": "5",
        "object_repr": "\u0410\u043d\u0430\u0442\u043e\u043b\u0438\u0439 \u0434\u0438\u043c\u0438\u0434\u043e\u0432",
        "action_flag": 2,
        "change_message": "\u0418\u0437\u043c\u0435\u043d\u0435\u043d last_name."
    }
},
{
    "model": "admin.logentry",
    "pk": 13,
    "fields": {
        "action_time": "2016-02-10T23:24:26.624Z",
        "user": 1,
        "content_type": 7,
        "object_id": "3",
        "object_repr": "\u0421\u0435\u0440\u0433\u0435\u0439 \u0421\u043e\u0442\u0430\u043f\u0435\u043d\u043a\u043e",
        "action_flag": 2,
        "change_message": "\u0418\u0437\u043c\u0435\u043d\u0435\u043d first_name."
    }
},
{
    "model": "admin.logentry",
    "pk": 14,
    "fields": {
        "action_time": "2016-02-10T23:24:39.242Z",
        "user": 1,
        "content_type": 7,
        "object_id": "5",
        "object_repr": "\u0410\u043d\u0430\u0442\u043e\u043b\u0438\u0439 \u0414\u0438\u043c\u0438\u0434\u043e\u0432",
        "action_flag": 2,
        "change_message": "\u0418\u0437\u043c\u0435\u043d\u0435\u043d last_name."
    }
},
{
    "model": "admin.logentry",
    "pk": 15,
    "fields": {
        "action_time": "2016-02-10T23:26:13.342Z",
        "user": 1,
        "content_type": 7,
        "object_id": "6",
        "object_repr": "\u0412\u043e\u0432\u0430\u043d2 \u0421\u043e\u0442\u0430\u043f\u0435\u043d\u043a\u043e2",
        "action_flag": 1,
        "change_message": "\u0414\u043e\u0431\u0430\u0432\u043b\u0435\u043d\u043e."
    }
},
{
    "model": "admin.logentry",
    "pk": 16,
    "fields": {
        "action_time": "2016-02-10T23:26:34.336Z",
        "user": 1,
        "content_type": 7,
        "object_id": "7",
        "object_repr": "\u0410\u043d\u0430\u0442\u043e\u043b\u0438\u04392 \u0414\u0438\u043c\u0438\u0434\u043e\u04322",
        "action_flag": 1,
        "change_message": "\u0414\u043e\u0431\u0430\u0432\u043b\u0435\u043d\u043e."
    }
},
{
    "model": "admin.logentry",
    "pk": 17,
    "fields": {
        "action_time": "2016-02-10T23:26:52.417Z",
        "user": 1,
        "content_type": 7,
        "object_id": "8",
        "object_repr": "\u041e\u043b\u0435\u04332 \u041f\u043e\u0434\u043e\u0431\u04302",
        "action_flag": 1,
        "change_message": "\u0414\u043e\u0431\u0430\u0432\u043b\u0435\u043d\u043e."
    }
},
{
    "model": "admin.logentry",
    "pk": 18,
    "fields": {
        "action_time": "2016-02-10T23:28:44.947Z",
        "user": 1,
        "content_type": 7,
        "object_id": "9",
        "object_repr": "\u0421\u0435\u0440\u0433\u0435\u04393 \u0421\u0442\u0430\u043b\u043a3",
        "action_flag": 1,
        "change_message": "\u0414\u043e\u0431\u0430\u0432\u043b\u0435\u043d\u043e."
    }
},
{
    "model": "admin.logentry",
    "pk": 19,
    "fields": {
        "action_time": "2016-02-12T01:42:39.457Z",
        "user": 1,
        "content_type": 8,
        "object_id": "2",
        "object_repr": "\u041c\u0422\u041c1 (\u0421\u0435\u0440\u0433\u0435\u0439 \u0421\u043e\u0442\u0430\u043f\u0435\u043d\u043a\u043e)",
        "action_flag": 1,
        "change_message": "\u0414\u043e\u0431\u0430\u0432\u043b\u0435\u043d\u043e."
    }
},
{
    "model": "admin.logentry",
    "pk": 20,
    "fields": {
        "action_time": "2016-02-12T01:43:04.228Z",
        "user": 1,
        "content_type": 8,
        "object_id": "3",
        "object_repr": "\u0421\u0422\u0410 (\u0412\u043e\u0432\u0430\u043d \u0421\u0442\u0430\u043b\u043a)",
        "action_flag": 1,
        "change_message": "\u0414\u043e\u0431\u0430\u0432\u043b\u0435\u043d\u043e."
    }
},
{
    "model": "admin.logentry",
    "pk": 21,
    "fields": {
        "action_time": "2016-02-12T01:43:18.656Z",
        "user": 1,
        "content_type": 8,
        "object_id": "4",
        "object_repr": "\u0410\u041f\u0410 (\u0410\u043d\u0430\u0442\u043e\u043b\u0438\u0439 \u0414\u0438\u043c\u0438\u0434\u043e\u0432)",
        "action_flag": 1,
        "change_message": "\u0414\u043e\u0431\u0430\u0432\u043b\u0435\u043d\u043e."
    }
},
{
    "model": "admin.logentry",
    "pk": 22,
    "fields": {
        "action_time": "2016-02-12T01:43:33.581Z",
        "user": 1,
        "content_type": 8,
        "object_id": "5",
        "object_repr": "\u041a\u0418\u041f\u0410 (\u0410\u043d\u0430\u0442\u043e\u043b\u0438\u04392 \u0414\u0438\u043c\u0438\u0434\u043e\u04322)",
        "action_flag": 1,
        "change_message": "\u0414\u043e\u0431\u0430\u0432\u043b\u0435\u043d\u043e."
    }
},
{
    "model": "admin.logentry",
    "pk": 23,
    "fields": {
        "action_time": "2016-02-15T22:13:21.825Z",
        "user": 1,
        "content_type": 8,
        "object_id": "4",
        "object_repr": "\u0410\u041f\u0410 (\u0410\u043d\u0430\u0442\u043e\u043b\u0438\u0439 \u0414\u0438\u043c\u0438\u0434\u043e\u0432)",
        "action_flag": 2,
        "change_message": "\u041d\u0438 \u043e\u0434\u043d\u043e \u043f\u043e\u043b\u0435 \u043d\u0435 \u0438\u0437\u043c\u0435\u043d\u0435\u043d\u043e."
    }
},
{
    "model": "admin.logentry",
    "pk": 24,
    "fields": {
        "action_time": "2016-02-15T22:13:35.283Z",
        "user": 1,
        "content_type": 8,
        "object_id": "4",
        "object_repr": "\u0410\u041f\u0410 (\u0410\u043d\u0430\u0442\u043e\u043b\u0438\u0439 \u0414\u0438\u043c\u0438\u0434\u043e\u0432)",
        "action_flag": 2,
        "change_message": "\u041d\u0438 \u043e\u0434\u043d\u043e \u043f\u043e\u043b\u0435 \u043d\u0435 \u0438\u0437\u043c\u0435\u043d\u0435\u043d\u043e."
    }
},
{
    "model": "admin.logentry",
    "pk": 25,
    "fields": {
        "action_time": "2016-02-15T22:13:54.140Z",
        "user": 1,
        "content_type": 8,
        "object_id": "1",
        "object_repr": "\u041c\u0422\u041c (\u041e\u043b\u0435\u0433 \u041f\u043e\u0434\u043e\u0431\u0430)",
        "action_flag": 2,
        "change_message": "\u0418\u0437\u043c\u0435\u043d\u0435\u043d title."
    }
},
{
    "model": "admin.logentry",
    "pk": 26,
    "fields": {
        "action_time": "2016-02-15T22:15:03.824Z",
        "user": 1,
        "content_type": 7,
        "object_id": "4",
        "object_repr": "\u0412\u043e\u0432\u0430\u043d \u0421\u0442\u0430\u043b\u043a",
        "action_flag": 2,
        "change_message": "\u041d\u0438 \u043e\u0434\u043d\u043e \u043f\u043e\u043b\u0435 \u043d\u0435 \u0438\u0437\u043c\u0435\u043d\u0435\u043d\u043e."
    }
},
{
    "model": "admin.logentry",
    "pk": 27,
    "fields": {
        "action_time": "2016-02-15T22:39:12.214Z",
        "user": 1,
        "content_type": 7,
        "object_id": "9",
        "object_repr": "\u0421\u0435\u0440\u0433\u0435\u04393 \u0421\u0442\u0430\u043b\u043a3",
        "action_flag": 2,
        "change_message": "\u0418\u0437\u043c\u0435\u043d\u0435\u043d student_group."
    }
},
{
    "model": "admin.logentry",
    "pk": 28,
    "fields": {
        "action_time": "2016-02-15T22:39:33.732Z",
        "user": 1,
        "content_type": 7,
        "object_id": "8",
        "object_repr": "\u041e\u043b\u0435\u04332 \u041f\u043e\u0434\u043e\u0431\u04302",
        "action_flag": 2,
        "change_message": "\u0418\u0437\u043c\u0435\u043d\u0435\u043d student_group."
    }
},
{
    "model": "admin.logentry",
    "pk": 29,
    "fields": {
        "action_time": "2016-02-15T23:11:44.678Z",
        "user": 1,
        "content_type": 7,
        "object_id": "7",
        "object_repr": "\u0410\u043d\u0430\u0442\u043e\u043b\u0438\u04392 \u0414\u0438\u043c\u0438\u0434\u043e\u04322",
        "action_flag": 2,
        "change_message": "\u0418\u0437\u043c\u0435\u043d\u0435\u043d student_group."
    }
},
{
    "model": "admin.logentry",
    "pk": 30,
    "fields": {
        "action_time": "2016-02-15T23:11:51.757Z",
        "user": 1,
        "content_type": 7,
        "object_id": "6",
        "object_repr": "\u0412\u043e\u0432\u0430\u043d2 \u0421\u043e\u0442\u0430\u043f\u0435\u043d\u043a\u043e2",
        "action_flag": 2,
        "change_message": "\u0418\u0437\u043c\u0435\u043d\u0435\u043d student_group."
    }
},
{
    "model": "admin.logentry",
    "pk": 31,
    "fields": {
        "action_time": "2016-02-15T23:12:04.474Z",
        "user": 1,
        "content_type": 7,
        "object_id": "5",
        "object_repr": "\u0410\u043d\u0430\u0442\u043e\u043b\u0438\u0439 \u0414\u0438\u043c\u0438\u0434\u043e\u0432",
        "action_flag": 2,
        "change_message": "\u0418\u0437\u043c\u0435\u043d\u0435\u043d student_group."
    }
},
{
    "model": "admin.logentry",
    "pk": 32,
    "fields": {
        "action_time": "2016-02-15T23:12:10.819Z",
        "user": 1,
        "content_type": 7,
        "object_id": "4",
        "object_repr": "\u0412\u043e\u0432\u0430\u043d \u0421\u0442\u0430\u043b\u043a",
        "action_flag": 2,
        "change_message": "\u0418\u0437\u043c\u0435\u043d\u0435\u043d student_group."
    }
},
{
    "model": "admin.logentry",
    "pk": 33,
    "fields": {
        "action_time": "2016-02-15T23:12:16.844Z",
        "user": 1,
        "content_type": 7,
        "object_id": "3",
        "object_repr": "\u0421\u0435\u0440\u0433\u0435\u0439 \u0421\u043e\u0442\u0430\u043f\u0435\u043d\u043a\u043e",
        "action_flag": 2,
        "change_message": "\u0418\u0437\u043c\u0435\u043d\u0435\u043d student_group."
    }
},
{
    "model": "admin.logentry",
    "pk": 34,
    "fields": {
        "action_time": "2016-02-15T23:12:22.092Z",
        "user": 1,
        "content_type": 7,
        "object_id": "1",
        "object_repr": "\u041e\u043b\u0435\u0433 \u041f\u043e\u0434\u043e\u0431\u0430",
        "action_flag": 2,
        "change_message": "\u0418\u0437\u043c\u0435\u043d\u0435\u043d student_group."
    }
},
{
    "model": "admin.logentry",
    "pk": 35,
    "fields": {
        "action_time": "2016-02-16T22:33:29.786Z",
        "user": 1,
        "content_type": 9,
        "object_id": "1",
        "object_repr": "\u0438\u0441\u0442\u043e\u0440\u0438\u044f",
        "action_flag": 1,
        "change_message": "\u0414\u043e\u0431\u0430\u0432\u043b\u0435\u043d\u043e."
    }
},
{
    "model": "admin.logentry",
    "pk": 36,
    "fields": {
        "action_time": "2016-02-16T22:33:52.693Z",
        "user": 1,
        "content_type": 9,
        "object_id": "2",
        "object_repr": "\u0445\u0438\u043c\u0438\u044f",
        "action_flag": 1,
        "change_message": "\u0414\u043e\u0431\u0430\u0432\u043b\u0435\u043d\u043e."
    }
},
{
    "model": "admin.logentry",
    "pk": 37,
    "fields": {
        "action_time": "2016-02-16T22:34:23.146Z",
        "user": 1,
        "content_type": 9,
        "object_id": "3",
        "object_repr": "\u043c\u0430\u0442\u0435\u043c\u0430\u0442\u0438\u043a\u0430",
        "action_flag": 1,
        "change_message": "\u0414\u043e\u0431\u0430\u0432\u043b\u0435\u043d\u043e."
    }
},
{
    "model": "admin.logentry",
    "pk": 38,
    "fields": {
        "action_time": "2016-02-16T22:34:46.290Z",
        "user": 1,
        "content_type": 9,
        "object_id": "4",
        "object_repr": "\u0430\u043b\u0433\u0435\u0431\u0440\u0430",
        "action_flag": 1,
        "change_message": "\u0414\u043e\u0431\u0430\u0432\u043b\u0435\u043d\u043e."
    }
},
{
    "model": "admin.logentry",
    "pk": 39,
    "fields": {
        "action_time": "2016-02-16T22:34:56.512Z",
        "user": 1,
        "content_type": 9,
        "object_id": "5",
        "object_repr": "\u0444\u0438\u0437\u0438\u043a\u0430",
        "action_flag": 1,
        "change_message": "\u0414\u043e\u0431\u0430\u0432\u043b\u0435\u043d\u043e."
    }
},
{
    "model": "admin.logentry",
    "pk": 40,
    "fields": {
        "action_time": "2016-02-16T22:35:11.978Z",
        "user": 1,
        "content_type": 9,
        "object_id": "6",
        "object_repr": "\u0447\u0435\u0440\u0447\u0435\u043d\u0438\u0435",
        "action_flag": 1,
        "change_message": "\u0414\u043e\u0431\u0430\u0432\u043b\u0435\u043d\u043e."
    }
},
{
    "model": "admin.logentry",
    "pk": 41,
    "fields": {
        "action_time": "2016-02-16T22:35:23.357Z",
        "user": 1,
        "content_type": 9,
        "object_id": "7",
        "object_repr": "\u0430\u043b\u0445\u0438\u043c\u0438\u044f",
        "action_flag": 1,
        "change_message": "\u0414\u043e\u0431\u0430\u0432\u043b\u0435\u043d\u043e."
    }
},
{
    "model": "admin.logentry",
    "pk": 42,
    "fields": {
        "action_time": "2016-02-16T22:35:38.514Z",
        "user": 1,
        "content_type": 9,
        "object_id": "8",
        "object_repr": "\u043b\u0438\u0442\u0435\u0440\u0430\u0442\u0443\u0440\u0430",
        "action_flag": 1,
        "change_message": "\u0414\u043e\u0431\u0430\u0432\u043b\u0435\u043d\u043e."
    }
},
{
    "model": "admin.logentry",
    "pk": 43,
    "fields": {
        "action_time": "2016-02-16T22:35:53.726Z",
        "user": 1,
        "content_type": 9,
        "object_id": "9",
        "object_repr": "\u0430\u0441\u0442\u0440\u0430\u043d\u043e\u043c\u0438\u044f",
        "action_flag": 1,
        "change_message": "\u0414\u043e\u0431\u0430\u0432\u043b\u0435\u043d\u043e."
    }
},
{
    "model": "admin.logentry",
    "pk": 44,
    "fields": {
        "action_time": "2016-02-16T22:36:12.085Z",
        "user": 1,
        "content_type": 9,
        "object_id": "10",
        "object_repr": "\u043f\u043e\u043b\u0438\u0442\u043f\u043e\u0434\u0433\u043e\u0442\u043e\u0432\u043a\u0430",
        "action_flag": 1,
        "change_message": "\u0414\u043e\u0431\u0430\u0432\u043b\u0435\u043d\u043e."
    }
},
{
    "model": "admin.logentry",
    "pk": 45,
    "fields": {
        "action_time": "2016-02-16T22:39:28.209Z",
        "user": 1,
        "content_type": 10,
        "object_id": "1",
        "object_repr": "\u0425\u0430\u0440\u0438\u0442\u043e\u043d \u0413\u0440\u0438\u0448\u043a\u043e",
        "action_flag": 1,
        "change_message": "\u0414\u043e\u0431\u0430\u0432\u043b\u0435\u043d\u043e."
    }
},
{
    "model": "admin.logentry",
    "pk": 46,
    "fields": {
        "action_time": "2016-02-16T22:39:42.516Z",
        "user": 1,
        "content_type": 10,
        "object_id": "2",
        "object_repr": "\u0414\u043c\u0438\u0442\u0440\u0438\u0439 \u042f\u043d\u0434\u0443\u043a\u0438\u043d",
        "action_flag": 1,
        "change_message": "\u0414\u043e\u0431\u0430\u0432\u043b\u0435\u043d\u043e."
    }
},
{
    "model": "admin.logentry",
    "pk": 47,
    "fields": {
        "action_time": "2016-02-16T22:39:54.613Z",
        "user": 1,
        "content_type": 10,
        "object_id": "3",
        "object_repr": "\u041c\u0430\u043a\u0430\u0440 \u041a\u0430\u0440\u0442\u0430\u0432\u044b\u0439",
        "action_flag": 1,
        "change_message": "\u0414\u043e\u0431\u0430\u0432\u043b\u0435\u043d\u043e."
    }
},
{
    "model": "admin.logentry",
    "pk": 48,
    "fields": {
        "action_time": "2016-02-16T22:40:04.269Z",
        "user": 1,
        "content_type": 10,
        "object_id": "4",
        "object_repr": "\u0414\u0430\u0440\u044c\u044f \u042f\u043a\u0443\u0448\u043a\u0438\u043d\u0430",
        "action_flag": 1,
        "change_message": "\u0414\u043e\u0431\u0430\u0432\u043b\u0435\u043d\u043e."
    }
},
{
    "model": "admin.logentry",
    "pk": 49,
    "fields": {
        "action_time": "2016-02-16T22:40:14.521Z",
        "user": 1,
        "content_type": 10,
        "object_id": "5",
        "object_repr": "\u0422\u0430\u0440\u0430\u0441 \u041a\u0443\u0437\u0438\u043a",
        "action_flag": 1,
        "change_message": "\u0414\u043e\u0431\u0430\u0432\u043b\u0435\u043d\u043e."
    }
},
{
    "model": "admin.logentry",
    "pk": 50,
    "fields": {
        "action_time": "2016-02-16T22:40:25.126Z",
        "user": 1,
        "content_type": 10,
        "object_id": "6",
        "object_repr": "\u0412\u0430\u0434\u0438\u043c \u0413\u043e\u043b\u044b\u0448\u0435\u0432",
        "action_flag": 1,
        "change_message": "\u0414\u043e\u0431\u0430\u0432\u043b\u0435\u043d\u043e."
    }
},
{
    "model": "admin.logentry",
    "pk": 51,
    "fields": {
        "action_time": "2016-02-16T22:40:35.019Z",
        "user": 1,
        "content_type": 10,
        "object_id": "7",
        "object_repr": "\u042f\u0440\u043e\u0441\u043b\u0430\u0432 \u0418\u0437\u044e\u043c\u043e\u0432",
        "action_flag": 1,
        "change_message": "\u0414\u043e\u0431\u0430\u0432\u043b\u0435\u043d\u043e."
    }
},
{
    "model": "admin.logentry",
    "pk": 52,
    "fields": {
        "action_time": "2016-02-16T22:40:54.783Z",
        "user": 1,
        "content_type": 10,
        "object_id": "8",
        "object_repr": "\u0424\u043e\u043a\u0430 \u041a\u0438\u044f\u043a",
        "action_flag": 1,
        "change_message": "\u0414\u043e\u0431\u0430\u0432\u043b\u0435\u043d\u043e."
    }
},
{
    "model": "admin.logentry",
    "pk": 53,
    "fields": {
        "action_time": "2016-02-16T22:41:06.374Z",
        "user": 1,
        "content_type": 10,
        "object_id": "9",
        "object_repr": "\u042d\u043c\u043c\u0430\u043d\u0443\u0438\u043b \u0428\u0443\u043b\u0435\u043f\u0438\u043d",
        "action_flag": 1,
        "change_message": "\u0414\u043e\u0431\u0430\u0432\u043b\u0435\u043d\u043e."
    }
},
{
    "model": "admin.logentry",
    "pk": 54,
    "fields": {
        "action_time": "2016-02-16T22:41:17.370Z",
        "user": 1,
        "content_type": 10,
        "object_id": "10",
        "object_repr": "\u041d\u0430\u0443\u043c \u041a\u0430\u0434\u0446\u044b\u043d",
        "action_flag": 1,
        "change_message": "\u0414\u043e\u0431\u0430\u0432\u043b\u0435\u043d\u043e."
    }
},
{
    "model": "admin.logentry",
    "pk": 55,
    "fields": {
        "action_time": "2016-02-16T22:42:27.327Z",
        "user": 1,
        "content_type": 7,
        "object_id": "10",
        "object_repr": "\u0412\u0438\u043a\u0435\u043d\u0442\u0438\u0439 \u0425\u0443\u0434\u043e\u0432\u0435\u043a\u043e\u0432",
        "action_flag": 1,
        "change_message": "\u0414\u043e\u0431\u0430\u0432\u043b\u0435\u043d\u043e."
    }
},
{
    "model": "admin.logentry",
    "pk": 56,
    "fields": {
        "action_time": "2016-02-16T22:43:04.345Z",
        "user": 1,
        "content_type": 7,
        "object_id": "11",
        "object_repr": "\u0412\u0430\u0434\u0438\u043c \u041a\u0430\u0440\u0435\u0432",
        "action_flag": 1,
        "change_message": "\u0414\u043e\u0431\u0430\u0432\u043b\u0435\u043d\u043e."
    }
},
{
    "model": "admin.logentry",
    "pk": 57,
    "fields": {
        "action_time": "2016-02-16T22:43:29.644Z",
        "user": 1,
        "content_type": 7,
        "object_id": "12",
        "object_repr": "\u0415\u0432\u0433\u0435\u043d\u0438\u044f \u042f\u043d\u0438\u0448\u0438\u043d\u0430",
        "action_flag": 1,
        "change_message": "\u0414\u043e\u0431\u0430\u0432\u043b\u0435\u043d\u043e."
    }
},
{
    "model": "admin.logentry",
    "pk": 58,
    "fields": {
        "action_time": "2016-02-16T22:43:55.415Z",
        "user": 1,
        "content_type": 7,
        "object_id": "13",
        "object_repr": "\u0415\u0432\u0434\u043e\u043a\u0438\u043c \u0412\u0438\u0445\u0440\u043e\u0432",
        "action_flag": 1,
        "change_message": "\u0414\u043e\u0431\u0430\u0432\u043b\u0435\u043d\u043e."
    }
},
{
    "model": "admin.logentry",
    "pk": 59,
    "fields": {
        "action_time": "2016-02-16T22:44:19.362Z",
        "user": 1,
        "content_type": 7,
        "object_id": "14",
        "object_repr": "\u041c\u0430\u0440\u0438\u043d\u0430 \u041a\u043e\u043d\u0430\u043a\u043e\u0432\u0430",
        "action_flag": 1,
        "change_message": "\u0414\u043e\u0431\u0430\u0432\u043b\u0435\u043d\u043e."
    }
},
{
    "model": "admin.logentry",
    "pk": 60,
    "fields": {
        "action_time": "2016-02-16T22:44:45.549Z",
        "user": 1,
        "content_type": 7,
        "object_id": "15",
        "object_repr": "\u041d\u0435\u0441\u0442\u043e\u0440 \u042f\u043c\u0430\u043b\u0442\u0434\u0438\u043d\u043e\u0432",
        "action_flag": 1,
        "change_message": "\u0414\u043e\u0431\u0430\u0432\u043b\u0435\u043d\u043e."
    }
},
{
    "model": "admin.logentry",
    "pk": 61,
    "fields": {
        "action_time": "2016-02-16T22:45:07.246Z",
        "user": 1,
        "content_type": 7,
        "object_id": "16",
        "object_repr": "\u0418\u0432\u0430\u043d \u0421\u0443\u0441\u043d\u0438\u043d",
        "action_flag": 1,
        "change_message": "\u0414\u043e\u0431\u0430\u0432\u043b\u0435\u043d\u043e."
    }
},
{
    "model": "admin.logentry",
    "pk": 62,
    "fields": {
        "action_time": "2016-02-16T22:45:25.988Z",
        "user": 1,
        "content_type": 7,
        "object_id": "17",
        "object_repr": "\u041d\u0438\u043a\u043e\u043b\u0430\u0439 \u0414\u0435\u043c\u0435\u043d\u0442\u044c\u0435\u0432",
        "action_flag": 1,
        "change_message": "\u0414\u043e\u0431\u0430\u0432\u043b\u0435\u043d\u043e."
    }
},
{
    "model": "admin.logentry",
    "pk": 63,
    "fields": {
        "action_time": "2016-02-16T22:45:42.730Z",
        "user": 1,
        "content_type": 7,
        "object_id": "18",
        "object_repr": "\u0412\u0438\u043a\u0442\u043e\u0440\u0438\u044f \u041a\u0430\u043f\u0448\u0443\u043a\u043e\u0432\u0430",
        "action_flag": 1,
        "change_message": "\u0414\u043e\u0431\u0430\u0432\u043b\u0435\u043d\u043e."
    }
},
{
    "model": "admin.logentry",
    "pk": 64,
    "fields": {
        "action_time": "2016-02-16T22:52:07.543Z",
        "user": 1,
        "content_type": 11,
        "object_id": "1",
        "object_repr": "\u0438\u0441\u0442\u043e\u0440\u0438\u044f (\u0425\u0430\u0440\u0438\u0442\u043e\u043d \u0413\u0440\u0438\u0448\u043a\u043e)",
        "action_flag": 1,
        "change_message": "\u0414\u043e\u0431\u0430\u0432\u043b\u0435\u043d\u043e."
    }
},
{
    "model": "admin.logentry",
    "pk": 65,
    "fields": {
        "action_time": "2016-02-16T22:55:53.471Z",
        "user": 1,
        "content_type": 11,
        "object_id": "2",
        "object_repr": "\u0438\u0441\u0442\u043e\u0440\u0438\u044f (\u0425\u0430\u0440\u0438\u0442\u043e\u043d \u0413\u0440\u0438\u0448\u043a\u043e)",
        "action_flag": 1,
        "change_message": "\u0414\u043e\u0431\u0430\u0432\u043b\u0435\u043d\u043e."
    }
},
{
    "model": "admin.logentry",
    "pk": 66,
    "fields": {
        "action_time": "2016-02-16T22:56:08.306Z",
        "user": 1,
        "content_type": 11,
        "object_id": "3",
        "object_repr": "\u0438\u0441\u0442\u043e\u0440\u0438\u044f (\u0425\u0430\u0440\u0438\u0442\u043e\u043d \u0413\u0440\u0438\u0448\u043a\u043e)",
        "action_flag": 1,
        "change_message": "\u0414\u043e\u0431\u0430\u0432\u043b\u0435\u043d\u043e."
    }
},
{
    "model": "admin.logentry",
    "pk": 67,
    "fields": {
        "action_time": "2016-02-16T23:08:17.502Z",
        "user": 1,
        "content_type": 11,
        "object_id": "2",
        "object_repr": "\u0438\u0441\u0442\u043e\u0440\u0438\u044f (\u0425\u0430\u0440\u0438\u0442\u043e\u043d \u0413\u0440\u0438\u0448\u043a\u043e) \u041c\u0422\u041c (\u041e\u043b\u0435\u0433 \u041f\u043e\u0434\u043e\u0431\u0430) (2016-02-16)",
        "action_flag": 3,
        "change_message": ""
    }
},
{
    "model": "admin.logentry",
    "pk": 68,
    "fields": {
        "action_time": "2016-02-16T23:08:34.579Z",
        "user": 1,
        "content_type": 11,
        "object_id": "1",
        "object_repr": "\u0438\u0441\u0442\u043e\u0440\u0438\u044f (\u0425\u0430\u0440\u0438\u0442\u043e\u043d \u0413\u0440\u0438\u0448\u043a\u043e) \u041c\u0422\u041c (\u041e\u043b\u0435\u0433 \u041f\u043e\u0434\u043e\u0431\u0430) (2016-02-01)",
        "action_flag": 3,
        "change_message": ""
    }
},
{
    "model": "admin.logentry",
    "pk": 69,
    "fields": {
        "action_time": "2016-02-16T23:08:53.239Z",
        "user": 1,
        "content_type": 11,
        "object_id": "4",
        "object_repr": "\u0445\u0438\u043c\u0438\u044f (\u0414\u0430\u0440\u044c\u044f \u042f\u043a\u0443\u0448\u043a\u0438\u043d\u0430) \u041c\u0422\u041c (\u041e\u043b\u0435\u0433 \u041f\u043e\u0434\u043e\u0431\u0430) (2016-02-02)",
        "action_flag": 1,
        "change_message": "\u0414\u043e\u0431\u0430\u0432\u043b\u0435\u043d\u043e."
    }
},
{
    "model": "admin.logentry",
    "pk": 70,
    "fields": {
        "action_time": "2016-02-16T23:09:07.069Z",
        "user": 1,
        "content_type": 11,
        "object_id": "5",
        "object_repr": "\u0430\u043b\u0445\u0438\u043c\u0438\u044f (\u042f\u0440\u043e\u0441\u043b\u0430\u0432 \u0418\u0437\u044e\u043c\u043e\u0432) \u041c\u0422\u041c (\u041e\u043b\u0435\u0433 \u041f\u043e\u0434\u043e\u0431\u0430) (2016-02-03)",
        "action_flag": 1,
        "change_message": "\u0414\u043e\u0431\u0430\u0432\u043b\u0435\u043d\u043e."
    }
},
{
    "model": "admin.logentry",
    "pk": 71,
    "fields": {
        "action_time": "2016-02-16T23:09:23.164Z",
        "user": 1,
        "content_type": 11,
        "object_id": "6",
        "object_repr": "\u043c\u0430\u0442\u0435\u043c\u0430\u0442\u0438\u043a\u0430 (\u041d\u0430\u0443\u043c \u041a\u0430\u0434\u0446\u044b\u043d) \u041c\u0422\u041c1 (\u0421\u0435\u0440\u0433\u0435\u0439 \u0421\u043e\u0442\u0430\u043f\u0435\u043d\u043a\u043e) (2016-02-01)",
        "action_flag": 1,
        "change_message": "\u0414\u043e\u0431\u0430\u0432\u043b\u0435\u043d\u043e."
    }
},
{
    "model": "admin.logentry",
    "pk": 72,
    "fields": {
        "action_time": "2016-02-16T23:09:41.930Z",
        "user": 1,
        "content_type": 11,
        "object_id": "7",
        "object_repr": "\u0447\u0435\u0440\u0447\u0435\u043d\u0438\u0435 (\u0424\u043e\u043a\u0430 \u041a\u0438\u044f\u043a) \u041c\u0422\u041c1 (\u0421\u0435\u0440\u0433\u0435\u0439 \u0421\u043e\u0442\u0430\u043f\u0435\u043d\u043a\u043e) (2016-02-02)",
        "action_flag": 1,
        "change_message": "\u0414\u043e\u0431\u0430\u0432\u043b\u0435\u043d\u043e."
    }
},
{
    "model": "admin.logentry",
    "pk": 73,
    "fields": {
        "action_time": "2016-02-16T23:09:55.386Z",
        "user": 1,
        "content_type": 11,
        "object_id": "8",
        "object_repr": "\u0438\u0441\u0442\u043e\u0440\u0438\u044f (\u0425\u0430\u0440\u0438\u0442\u043e\u043d \u0413\u0440\u0438\u0448\u043a\u043e) \u041c\u0422\u041c (\u041e\u043b\u0435\u0433 \u041f\u043e\u0434\u043e\u0431\u0430) (2016-02-03)",
        "action_flag": 1,
        "change_message": "\u0414\u043e\u0431\u0430\u0432\u043b\u0435\u043d\u043e."
    }
},
{
    "model": "admin.logentry",
    "pk": 74,
    "fields": {
        "action_time": "2016-02-16T23:10:06.035Z",
        "user": 1,
        "content_type": 11,
        "object_id": "9",
        "object_repr": "\u043c\u0430\u0442\u0435\u043c\u0430\u0442\u0438\u043a\u0430 (\u0414\u043c\u0438\u0442\u0440\u0438\u0439 \u042f\u043d\u0434\u0443\u043a\u0438\u043d) \u0421\u0422\u0410 (\u0412\u043e\u0432\u0430\u043d \u0421\u0442\u0430\u043b\u043a) (2016-02-01)",
        "action_flag": 1,
        "change_message": "\u0414\u043e\u0431\u0430\u0432\u043b\u0435\u043d\u043e."
    }
},
{
    "model": "admin.logentry",
    "pk": 75,
    "fields": {
        "action_time": "2016-02-16T23:10:26.159Z",
        "user": 1,
        "content_type": 11,
        "object_id": "10",
        "object_repr": "\u0444\u0438\u0437\u0438\u043a\u0430 (\u042d\u043c\u043c\u0430\u043d\u0443\u0438\u043b \u0428\u0443\u043b\u0435\u043f\u0438\u043d) \u0421\u0422\u0410 (\u0412\u043e\u0432\u0430\u043d \u0421\u0442\u0430\u043b\u043a) (2016-02-02)",
        "action_flag": 1,
        "change_message": "\u0414\u043e\u0431\u0430\u0432\u043b\u0435\u043d\u043e."
    }
},
{
    "model": "admin.logentry",
    "pk": 76,
    "fields": {
        "action_time": "2016-02-16T23:10:38.381Z",
        "user": 1,
        "content_type": 11,
        "object_id": "11",
        "object_repr": "\u043f\u043e\u043b\u0438\u0442\u043f\u043e\u0434\u0433\u043e\u0442\u043e\u0432\u043a\u0430 (\u041d\u0430\u0443\u043c \u041a\u0430\u0434\u0446\u044b\u043d) \u0421\u0422\u0410 (\u0412\u043e\u0432\u0430\u043d \u0421\u0442\u0430\u043b\u043a) (2016-02-03)",
        "action_flag": 1,
        "change_message": "\u0414\u043e\u0431\u0430\u0432\u043b\u0435\u043d\u043e."
    }
},
{
    "model": "admin.logentry",
    "pk": 77,
    "fields": {
        "action_time": "2016-02-16T23:10:50.822Z",
        "user": 1,
        "content_type": 11,
        "object_id": "12",
        "object_repr": "\u043b\u0438\u0442\u0435\u0440\u0430\u0442\u0443\u0440\u0430 (\u0425\u0430\u0440\u0438\u0442\u043e\u043d \u0413\u0440\u0438\u0448\u043a\u043e) \u0410\u041f\u0410 (\u0410\u043d\u0430\u0442\u043e\u043b\u0438\u0439 \u0414\u0438\u043c\u0438\u0434\u043e\u0432) (2016-02-01)",
        "action_flag": 1,
        "change_message": "\u0414\u043e\u0431\u0430\u0432\u043b\u0435\u043d\u043e."
    }
},
{
    "model": "admin.logentry",
    "pk": 78,
    "fields": {
        "action_time": "2016-02-16T23:11:04.035Z",
        "user": 1,
        "content_type": 11,
        "object_id": "13",
        "object_repr": "\u0445\u0438\u043c\u0438\u044f (\u0422\u0430\u0440\u0430\u0441 \u041a\u0443\u0437\u0438\u043a) \u0410\u041f\u0410 (\u0410\u043d\u0430\u0442\u043e\u043b\u0438\u0439 \u0414\u0438\u043c\u0438\u0434\u043e\u0432) (2016-02-02)",
        "action_flag": 1,
        "change_message": "\u0414\u043e\u0431\u0430\u0432\u043b\u0435\u043d\u043e."
    }
},
{
    "model": "admin.logentry",
    "pk": 79,
    "fields": {
        "action_time": "2016-02-16T23:11:18.787Z",
        "user": 1,
        "content_type": 11,
        "object_id": "14",
        "object_repr": "\u0447\u0435\u0440\u0447\u0435\u043d\u0438\u0435 (\u0414\u043c\u0438\u0442\u0440\u0438\u0439 \u042f\u043d\u0434\u0443\u043a\u0438\u043d) \u0410\u041f\u0410 (\u0410\u043d\u0430\u0442\u043e\u043b\u0438\u0439 \u0414\u0438\u043c\u0438\u0434\u043e\u0432) (2016-02-03)",
        "action_flag": 1,
        "change_message": "\u0414\u043e\u0431\u0430\u0432\u043b\u0435\u043d\u043e."
    }
},
{
    "model": "admin.logentry",
    "pk": 80,
    "fields": {
        "action_time": "2016-02-16T23:11:29.610Z",
        "user": 1,
        "content_type": 11,
        "object_id": "15",
        "object_repr": "\u0444\u0438\u0437\u0438\u043a\u0430 (\u042f\u0440\u043e\u0441\u043b\u0430\u0432 \u0418\u0437\u044e\u043c\u043e\u0432) \u041a\u0418\u041f\u0410 (\u0410\u043d\u0430\u0442\u043e\u043b\u0438\u04392 \u0414\u0438\u043c\u0438\u0434\u043e\u04322) (2016-02-01)",
        "action_flag": 1,
        "change_message": "\u0414\u043e\u0431\u0430\u0432\u043b\u0435\u043d\u043e."
    }
},
{
    "model": "admin.logentry",
    "pk": 81,
    "fields": {
        "action_time": "2016-02-16T23:11:45.816Z",
        "user": 1,
        "content_type": 11,
        "object_id": "16",
        "object_repr": "\u0430\u043b\u0445\u0438\u043c\u0438\u044f (\u0414\u043c\u0438\u0442\u0440\u0438\u0439 \u042f\u043d\u0434\u0443\u043a\u0438\u043d) \u041a\u0418\u041f\u0410 (\u0410\u043d\u0430\u0442\u043e\u043b\u0438\u04392 \u0414\u0438\u043c\u0438\u0434\u043e\u04322) (2016-02-02)",
        "action_flag": 1,
        "change_message": "\u0414\u043e\u0431\u0430\u0432\u043b\u0435\u043d\u043e."
    }
},
{
    "model": "admin.logentry",
    "pk": 82,
    "fields": {
        "action_time": "2016-02-16T23:11:58.751Z",
        "user": 1,
        "content_type": 11,
        "object_id": "17",
        "object_repr": "\u043f\u043e\u043b\u0438\u0442\u043f\u043e\u0434\u0433\u043e\u0442\u043e\u0432\u043a\u0430 (\u0424\u043e\u043a\u0430 \u041a\u0438\u044f\u043a) \u041a\u0418\u041f\u0410 (\u0410\u043d\u0430\u0442\u043e\u043b\u0438\u04392 \u0414\u0438\u043c\u0438\u0434\u043e\u04322) (2016-02-03)",
        "action_flag": 1,
        "change_message": "\u0414\u043e\u0431\u0430\u0432\u043b\u0435\u043d\u043e."
    }
}
]
